{
"version":"2.0",
"name":"sap.tnt.library-preload",
"dependencies":["sap.ui.core.library-preload","sap.m.library-preload"],
"modules":{
	"sap/tnt/NavigationList.js":"/*!\n * UI development toolkit for HTML5 (OpenUI5)\n * (c) Copyright 2009-2016 SAP SE or an SAP affiliate company.\n * Licensed under the Apache License, Version 2.0 - see LICENSE.txt.\n */\nsap.ui.define(['jquery.sap.global','./library','sap/ui/core/Control','sap/m/Popover','sap/ui/core/delegate/ItemNavigation'],function(q,l,C,P,I){'use strict';var N=C.extend('sap.tnt.NavigationList',{metadata:{library:'sap.tnt',properties:{width:{type:'sap.ui.core.CSSSize',group:'Dimension'},expanded:{type:'boolean',group:'Misc',defaultValue:true}},defaultAggregation:'items',aggregations:{items:{type:'sap.tnt.NavigationListItem',multiple:true,singularName:'item'}},associations:{ariaDescribedBy:{type:'sap.ui.core.Control',multiple:true,singularName:'ariaDescribedBy'},ariaLabelledBy:{type:'sap.ui.core.Control',multiple:true,singularName:'ariaLabelledBy'}},events:{itemSelect:{parameters:{item:{type:'sap.ui.core.Item'}}}}}});N.prototype.init=function(){this._itemNavigation=new I();this._itemNavigation.setCycling(false);this.addEventDelegate(this._itemNavigation);this._itemNavigation.setPageSize(10);this._resourceBundle=sap.ui.getCore().getLibraryResourceBundle('sap.ui.core');};N.prototype.setHasListBoxRole=function(h){this._hasListBoxRole=h;};N.prototype.getHasListBoxRole=function(){return this._hasListBoxRole;};N.prototype.onAfterRendering=function(){this._itemNavigation.setRootDomRef(this.getDomRef());this._itemNavigation.setItemDomRefs(this._getDomRefs());if(this._selectedItem){this._selectedItem._select();}};N.prototype._updateNavItems=function(){this._itemNavigation.setItemDomRefs(this._getDomRefs());};N.prototype._getDomRefs=function(){var d=[];var a=this.getItems();for(var i=0;i<a.length;i++){q.merge(d,a[i]._getDomRefs());}return d;};N.prototype._adaptPopoverPositionParams=function(){if(this.getShowArrow()){this._marginLeft=10;this._marginRight=10;this._marginBottom=10;this._arrowOffset=18;this._offsets=['0 -18','18 0','0 18','-18 0'];this._myPositions=['center bottom','begin top','center top','end top'];this._atPositions=['center top','end top','center bottom','begin top'];}else{this._marginTop=0;this._marginLeft=0;this._marginRight=0;this._marginBottom=0;this._arrowOffset=0;this._offsets=['0 0','0 0','0 0','0 0'];this._myPositions=['begin bottom','begin top','begin top','end top'];this._atPositions=['begin top','end top','begin bottom','begin top'];}};N.prototype.exit=function(){if(this._itemNavigation){this._itemNavigation.destroy();}};N.prototype._selectItem=function(p){this.fireItemSelect(p);var i=p.item;if(this._selectedItem){this._selectedItem._unselect();}i._select();this._selectedItem=i;};N.prototype.getSelectedItem=function(){return this._selectedItem;};N.prototype.setSelectedItem=function(i){if(this._selectedItem){this._selectedItem._unselect();}if(i){i._select();}this._selectedItem=i;};N.prototype._openPopover=function(s,a){var b=a.getSelectedItem();if(b&&a.isGroupSelected){b=null;}var p=new P({showHeader:false,horizontalScrolling:false,verticalScrolling:true,initialFocus:b,content:a});p._adaptPositionParams=this._adaptPopoverPositionParams;p.openBy(s);};return N;},true);\n",
	"sap/tnt/NavigationListItem.js":"sap.ui.define(['jquery.sap.global','./library','sap/ui/core/Item','sap/ui/core/Icon','./NavigationList','sap/ui/core/Renderer','sap/ui/core/IconPool'],function(q,l,I,a,N,R,b){'use strict';var c=I.extend('sap.tnt.NavigationListItem',{metadata:{library:'sap.tnt',properties:{icon:{type:'sap.ui.core.URI',group:'Misc',defaultValue:''},expanded:{type:'boolean',group:'Misc',defaultValue:true},hasExpander:{type:'boolean',group:'Misc',defaultValue:true}},defaultAggregation:'items',aggregations:{items:{type:'sap.tnt.NavigationListItem',multiple:true,singularName:'item'},_expandIconControl:{type:'sap.ui.core.Icon',multiple:false,visibility:'hidden'}},events:{select:{parameters:{item:{type:'sap.ui.core.Item'}}}}}});c.expandIcon='sap-icon://navigation-right-arrow';c.collapseIcon='sap-icon://navigation-down-arrow';c.prototype._getExpandIconControl=function(){var e=this.getAggregation('_expandIconControl');if(!e){var d=this.getExpanded();e=new a({src:d?c.collapseIcon:c.expandIcon,visible:this.getItems().length>0&&this.getHasExpander(),useIconTooltip:false,tooltip:this._getExpandIconTooltip(!d)}).addStyleClass('sapTntNavLIExpandIcon');this.setAggregation('_expandIconControl',e,true);}return e;};c.prototype._getExpandIconTooltip=function(e){if(!this.getEnabled()){return'';}var t=e?'Icon.expand':'Icon.collapse';return this.getNavigationList()._resourceBundle.getText(t);};c.prototype.getLevel=function(){var d=0;var p=this.getParent();if(p.getMetadata().getName()=='sap.tnt.NavigationListItem'){return p.getLevel()+1;}return d;};c.prototype.getNavigationList=function(){var p=this.getParent();while(p&&p.getMetadata().getName()!='sap.tnt.NavigationList'){p=p.getParent();}return p;};c.prototype.createPopupList=function(){var n=[],d=this.getNavigationList(),s=d.getSelectedItem(),p,e,f,g=this.getItems();for(var i=0;i<g.length;i++){e=g[i];f=new c({key:e.getId(),text:e.getText(),textDirection:e.getTextDirection(),enabled:e.getEnabled()});n.push(f);if(s==e){p=f;}}var h=new c({expanded:true,hasExpander:false,key:this.getId(),text:this.getText(),enabled:this.getEnabled(),textDirection:this.getTextDirection(),items:n});var j=new N({itemSelect:this.onPopupItemSelect.bind(this),items:[h]}).addStyleClass('sapTntNavLIPopup');j.setHasListBoxRole(true);if(s==this){p=h;j.isGroupSelected=true;}j.setSelectedItem(p);return j;};c.prototype.onPopupItemSelect=function(e){var i=e.getParameter('item');i=sap.ui.getCore().byId(i.getKey());i._selectItem(e);};c.prototype._selectItem=function(e){var p={item:this};this.fireSelect(p);var n=this.getNavigationList();n._selectItem(p);};c.prototype.onkeydown=function(e){if(e.isMarked('subItem')){return;}e.setMarked('subItem');if(this.getLevel()>0){return;}var i=sap.ui.getCore().getConfiguration().getRTL();if((e.shiftKey&&e.which==189)||e.which==q.sap.KeyCodes.NUMPAD_MINUS||(e.which==q.sap.KeyCodes.ARROW_RIGHT&&i)||(e.which==q.sap.KeyCodes.ARROW_LEFT&&!i)){if(this.collapse()){e.preventDefault();e.target=null;}}else if(e.which==q.sap.KeyCodes.NUMPAD_PLUS||(e.shiftKey&&e.which==q.sap.KeyCodes.PLUS)||e.which==q.sap.KeyCodes.ARROW_LEFT&&i||e.which==q.sap.KeyCodes.ARROW_RIGHT&&!i){if(this.expand()){e.preventDefault();e.target=null;}}};c.prototype.expand=function(d){if(this.getExpanded()||!this.getHasExpander()||this.getItems().length==0||this.getLevel()>0){return;}this.setProperty('expanded',true,true);this.$().find('.sapTntNavLIGroup').attr('aria-expanded',true);var e=this._getExpandIconControl();e.setSrc(c.collapseIcon);e.setTooltip(this._getExpandIconTooltip(false));var $=this.$().find('.sapTntNavLIGroupItems');$.stop(true,true).slideDown(d||'fast',function(){$.toggleClass('sapTntNavLIHiddenGroupItems');});this.getNavigationList()._updateNavItems();return true;};c.prototype.collapse=function(d){if(!this.getExpanded()||!this.getHasExpander()||this.getItems().length==0||this.getLevel()>0){return;}this.setProperty('expanded',false,true);this.$().find('.sapTntNavLIGroup').attr('aria-expanded',false);var e=this._getExpandIconControl();e.setSrc(c.expandIcon);e.setTooltip(this._getExpandIconTooltip(true));var $=this.$().find('.sapTntNavLIGroupItems');$.stop(true,true).slideUp(d||'fast',function(){$.toggleClass('sapTntNavLIHiddenGroupItems');});this.getNavigationList()._updateNavItems();return true;};c.prototype.ontap=function(e){if(e.isMarked('subItem')||!this.getEnabled()){return;}e.setMarked('subItem');e.preventDefault();var n=this.getNavigationList();var s=sap.ui.getCore().byId(e.target.id);var d=this.getLevel();if(d==1){var p=this.getParent();if(this.getEnabled()&&p.getEnabled()){this._selectItem(e);}return;}if(n.getExpanded()){if(!s||s.getMetadata().getName()!='sap.ui.core.Icon'||!s.$().hasClass('sapTntNavLIExpandIcon')){this._selectItem(e);return;}if(this.getExpanded()){this.collapse();}else{this.expand();}}else{var f=this.createPopupList();n._openPopover(this,f);}};c.prototype.onsapenter=c.prototype.ontap;c.prototype.onsapspace=c.prototype.ontap;c.prototype.render=function(r,d){if(this.getLevel()==0){this.renderFirstLevelNavItem(r,d);}else{this.renderSecondLevelNavItem(r,d);}};c.prototype.renderGroupItem=function(r,d){r.write('<div');r.addClass('sapTntNavLIItem');r.addClass('sapTntNavLIGroup');if(!this.getEnabled()){r.addClass('sapTntNavLIItemDisabled');}else if(d.getExpanded()){r.write(' tabindex=\"-1\"');}if(d.getExpanded()){if(d.getHasListBoxRole()){r.writeAttribute('role','option');}else{r.writeAttribute('role','treeitem');if(this.getItems().length>0){r.writeAttribute('aria-expanded',this.getExpanded());}r.writeAttribute('aria-level',1);}var t=this.getText();var T=this.getTooltip_AsString()||t;if(T){r.writeAttributeEscaped('title',T);}r.writeAttributeEscaped('aria-label',t);}r.writeClasses();r.write('>');if(d.getExpanded()){var e=this._getExpandIconControl();e.setVisible(this.getItems().length>0&&this.getHasExpander());e.setSrc(this.getExpanded()?c.collapseIcon:c.expandIcon);e.setTooltip(this._getExpandIconTooltip(!this.getExpanded()));this._renderIcon(r);this._renderText(r);r.renderControl(e);}else{this._renderIcon(r);}r.write('</div>');};c.prototype.renderFirstLevelNavItem=function(r,d){var e,f=this.getItems(),g=this.getExpanded(),h=d.getExpanded();r.write('<li');r.writeElementData(this);if(this.getEnabled()&&!h){r.write(' tabindex=\"-1\"');}var t=this.getText();if(!h){var t=this.getText();var T=this.getTooltip_AsString()||t;if(T){r.writeAttributeEscaped('title',T);}r.writeAttributeEscaped('aria-label',t);r.writeAttribute('role','button');r.writeAttribute('aria-haspopup',true);}else{r.write(' role=\"presentation\" ');}r.write('>');this.renderGroupItem(r,d);if(h){r.write('<ul');r.addClass('sapTntNavLIGroupItems');if(!g){r.addClass('sapTntNavLIHiddenGroupItems');}r.writeClasses();r.write('>');for(var i=0;i<f.length;i++){e=f[i];e.render(r,d,this);}r.write('</ul>');}r.write('</li>');};c.prototype.renderSecondLevelNavItem=function(r,d){var g=this.getParent();r.write('<li');r.writeElementData(this);r.addClass('sapTntNavLIItem');r.addClass('sapTntNavLIGroupItem');if(!this.getEnabled()||!g.getEnabled()){r.addClass('sapTntNavLIItemDisabled');}else{r.write(' tabindex=\"-1\"');}var t=this.getText();var T=this.getTooltip_AsString()||t;if(T){r.writeAttributeEscaped('title',T);}if(d.getHasListBoxRole()){r.writeAttribute('role','option');}else{r.writeAttribute('role','treeitem');r.writeAttribute('aria-level',2);}r.writeClasses();r.write('>');this._renderText(r);r.write('</li>');};c.prototype._renderIcon=function(r){r.write('<span');r.addClass('sapUiIcon');r.addClass('sapTntNavLIGroupIcon');r.writeAttribute('aria-hidden',true);var i=this.getIcon();var d=b.getIconInfo(i);if(d&&!d.suppressMirroring){r.addClass('sapUiIconMirrorInRTL');}if(d){r.writeAttribute('data-sap-ui-icon-content',d.content);r.addStyle('font-family',\"'\"+d.fontFamily+\"'\");}r.writeClasses();r.writeStyles();r.write('></span>');};c.prototype._renderText=function(r){r.write('<span');r.addClass('sapMText');r.addClass('sapTntNavLIText');r.addClass('sapMTextNoWrap');r.writeClasses();var t=this.getTextDirection();if(t!==sap.ui.core.TextDirection.Inherit){r.writeAttribute('dir',t.toLowerCase());}var d=R.getTextAlign(sap.ui.core.TextAlign.Begin,t);if(d){r.addStyle('text-align',d);r.writeStyles();}r.write('>');r.writeEscaped(this.getText());r.write('</span>');};c.prototype._unselect=function(){var $=this.$(),n=this.getNavigationList();if(!n){return;}$.removeClass('sapTntNavLIItemSelected');if(n.getExpanded()){if(this.getLevel()==0){$=$.find('.sapTntNavLIGroup');}$.removeAttr('aria-selected');}else{$.removeAttr('aria-pressed');}};c.prototype._select=function(){var $=this.$(),n=this.getNavigationList();if(!n){return;}$.addClass('sapTntNavLIItemSelected');if(n.getExpanded()){if(this.getLevel()==0){$=$.find('.sapTntNavLIGroup');}$.attr('aria-selected',true);}else{$.attr('aria-pressed',true);}};c.prototype._getDomRefs=function(){var d=[];if(!this.getEnabled()){return d;}var $=this.$();if(this.getParent().getExpanded()){d.push($.find('.sapTntNavLIGroup')[0]);}else{d.push($[0]);}if(this.getExpanded()){var s=$.find('.sapTntNavLIGroupItem');for(var i=0;i<s.length;i++){d.push(s[i]);}}return d;};return c;},true);\n/*!\n * UI development toolkit for HTML5 (OpenUI5)\n * (c) Copyright 2009-2016 SAP SE or an SAP affiliate company.\n * Licensed under the Apache License, Version 2.0 - see LICENSE.txt.\n */\n",
	"sap/tnt/NavigationListRenderer.js":"/*!\n * UI development toolkit for HTML5 (OpenUI5)\n * (c) Copyright 2009-2016 SAP SE or an SAP affiliate company.\n * Licensed under the Apache License, Version 2.0 - see LICENSE.txt.\n */\nsap.ui.define(['jquery.sap.global','sap/ui/core/Renderer'],function(q,R){'use strict';var N={};N.render=function(r,c){var g,a,b=c.getItems(),e=c.getExpanded();r.write('<ul');r.writeControlData(c);var w=c.getWidth();if(w){r.addStyle('width',w);}r.writeStyles();r.addClass('sapTntNavLI');if(!e){r.addClass('sapTntNavLICollapsed');}r.writeClasses();if(c.getHasListBoxRole()){a='listbox';}else{a=e?'tree':'toolbar';}r.writeAttribute('role',a);r.write('>');for(var i=0;i<b.length;i++){g=b[i];g.render(r,c);}r.write('</ul>');};return N;},true);\n",
	"sap/tnt/SideNavigation.js":"/*!\n * UI development toolkit for HTML5 (OpenUI5)\n * (c) Copyright 2009-2016 SAP SE or an SAP affiliate company.\n * Licensed under the Apache License, Version 2.0 - see LICENSE.txt.\n */\nsap.ui.define(['jquery.sap.global','./library','sap/ui/core/Control','sap/ui/core/ResizeHandler','sap/ui/core/Icon','./NavigationList'],function(q,l,C,R,I){'use strict';var S=C.extend('sap.tnt.SideNavigation',{metadata:{library:'sap.tnt',properties:{expanded:{type:'boolean',group:'Misc',defaultValue:true}},defaultAggregation:'item',aggregations:{item:{type:'sap.tnt.NavigationList',multiple:false,bindable:'bindable'},fixedItem:{type:'sap.tnt.NavigationList',multiple:false},footer:{type:'sap.tnt.NavigationList',multiple:false},_topArrowControl:{type:'sap.ui.core.Icon',multiple:false,visibility:'hidden'},_bottomArrowControl:{type:'sap.ui.core.Icon',multiple:false,visibility:'hidden'}},events:{itemSelect:{parameters:{item:{type:'sap.ui.core.Item'}}}}}});S.prototype.init=function(){this.data('sap-ui-fastnavgroup','true',true);};S.prototype.setAggregation=function(a,o,s){if(o&&o.attachItemSelect){o.attachItemSelect(this._itemSelectionHandler.bind(this));}return sap.ui.base.ManagedObject.prototype.setAggregation.apply(this,arguments);};S.prototype.setExpanded=function(i){if(this.getExpanded()===i){return this;}if(this.getAggregation('item')){this.getAggregation('item').setExpanded(i);}if(this.getAggregation('fixedItem')){this.getAggregation('fixedItem').setExpanded(i);}if(this.getDomRef()){this.getDomRef().classList.toggle('sapTntSideNavigationNotExpanded');}this.setProperty('expanded',i,true);this._toggleArrows();return this;};S.prototype.onBeforeRendering=function(){this._deregisterControl();};S.prototype.onAfterRendering=function(){this._ResizeHandler=R.register(this.getDomRef(),this._toggleArrows.bind(this));this._toggleArrows();};S.prototype.exit=function(){this._deregisterControl();};S.prototype._itemSelectionHandler=function(e){var a=e.getSource().getId();var i=this.getAggregation('item');var f=this.getAggregation('fixedItem');if(i&&f&&a===i.getId()){f.setSelectedItem(null);}if(i&&f&&a===f.getId()){i.setSelectedItem(null);}this.fireItemSelect({item:e.getParameter('item')});};S.prototype._deregisterControl=function(){if(this._ResizeHandler){R.deregister(this._ResizeHandler);this._ResizeHandler=null;}};S.prototype.ontouchmove=function(e){e.setMarked();};S.prototype._getTopArrowControl=function(){var i=this.getAggregation('_topArrowControl');var t=this;if(!i){i=new I({src:'sap-icon://navigation-up-arrow',noTabStop:true,useIconTooltip:false,tooltip:'',press:this._arrowPress.bind(t)}).addStyleClass('sapTntSideNavigationScrollIcon sapTntSideNavigationScrollIconUp');this.setAggregation('_topArrowControl',i,true);}return i;};S.prototype._getBottomArrowControl=function(){var i=this.getAggregation('_bottomArrowControl');var t=this;if(!i){i=new I({src:'sap-icon://navigation-down-arrow',noTabStop:true,useIconTooltip:false,tooltip:'',press:this._arrowPress.bind(t)}).addStyleClass('sapTntSideNavigationScrollIcon sapTntSideNavigationScrollIconDown');this.setAggregation('_bottomArrowControl',i,true);}return i;};S.prototype._toggleArrows=function(){var d=this.getDomRef();if(!d){return;}var s=this.$('Flexible')[0];var a=this.$('Flexible-Content')[0];var i=this.getExpanded();if((a.offsetHeight>s.offsetHeight)&&!i){d.querySelector('.sapTntSideNavigationScrollIconUp').style.display='block';d.querySelector('.sapTntSideNavigationScrollIconDown').style.display='block';d.querySelector('.sapTntSideNavigationScrollIconDown').classList.remove('sapTntSideNavigationScrollIconDisabled');}else{d.querySelector('.sapTntSideNavigationScrollIconUp').style.display='none';d.querySelector('.sapTntSideNavigationScrollIconDown').style.display='none';}};S.prototype._arrowPress=function(e,s){e.preventDefault();var a=document.getElementById(e.oSource.sId);var i=a.classList.contains('sapTntSideNavigationScrollIconDown')?true:false;var $=this.$('Flexible');var s=i?40:-40;$[0].scrollTop+=s;};return S;},true);\n",
	"sap/tnt/SideNavigationRenderer.js":"/*!\n * UI development toolkit for HTML5 (OpenUI5)\n * (c) Copyright 2009-2016 SAP SE or an SAP affiliate company.\n * Licensed under the Apache License, Version 2.0 - see LICENSE.txt.\n */\nsap.ui.define([],function(){'use strict';var S={};S.render=function(r,c){this.startSideNavigation(r,c);this.renderArrowUp(r,c);this.renderItem(r,c);this.renderArrowDown(r,c);this.renderFixedItem(r,c);this.renderFooter(r,c);this.endSideNavigation(r,c);};S.startSideNavigation=function(r,c){var i=c.getAggregation('item');var f=c.getAggregation('fixedItem');var a=c.getExpanded();r.write('<div');r.writeControlData(c);r.writeAttribute('role','navigation');r.addClass('sapTntSideNavigation');if(!a){r.addClass('sapTntSideNavigationNotExpanded');}if(!a&&i){i.setExpanded(false);}if(!a&&f){f.setExpanded(false);}r.writeClasses();r.write('>');};S.endSideNavigation=function(r,c){r.write('</div>');};S.renderArrowUp=function(r,c){r.renderControl(c._getTopArrowControl());};S.renderArrowDown=function(r,c){r.renderControl(c._getBottomArrowControl());};S.renderItem=function(r,c){var i=c.getAggregation('item');r.write('<div id=\"'+c.getId()+'-Flexible\" tabindex=\"-1\" class=\"sapTntSideNavigationFlexible sapTntSideNavigationVerticalScrolling\">');r.write('<div id=\"'+c.getId()+'-Flexible-Content\" class=\"sapTntSideNavigationFlexibleContent\">');r.renderControl(i);r.write('</div></div>');};S.renderFixedItem=function(r,c){var f=c.getAggregation('fixedItem');if(f===null){return;}if(f.getExpanded()===false){f.setExpanded(false);}r.write('<div class=\"sapTntSideNavigationSeparator\" role=\"separator\" aria-orientation=\"horizontal\"></div>');r.write('<div class=\"sapTntSideNavigationFixed\">');r.renderControl(f);r.write('</div>');};S.renderFooter=function(r,c){if(c.getAggregation('footer')){r.write('<footer class=\"sapTntSideNavigationFooter\">');r.renderControl(c.getAggregation('footer'));r.write('</footer>');}};return S;},true);\n",
	"sap/tnt/ToolHeader.js":"/*!\n * UI development toolkit for HTML5 (OpenUI5)\n * (c) Copyright 2009-2016 SAP SE or an SAP affiliate company.\n * Licensed under the Apache License, Version 2.0 - see LICENSE.txt.\n */\nsap.ui.define(['jquery.sap.global','./library','sap/ui/core/Control','sap/m/OverflowToolbar','sap/m/OverflowToolbarAssociativePopover'],function(q,l,C,O,a){'use strict';var T=O.extend('sap.tnt.ToolHeader',{metadata:{library:'sap.tnt',properties:{},aggregations:{}}});T.prototype.init=function(){O.prototype.init.apply(this,arguments);this.addStyleClass('sapTntToolHeader');};T.prototype._getPopover=function(){var p;if(!this.getAggregation('_popover')){p=new a(this.getId()+'-popover',{showHeader:false,showArrow:sap.ui.Device.system.phone?false:true,modal:false,horizontalScrolling:sap.ui.Device.system.phone?false:true,contentWidth:sap.ui.Device.system.phone?'100%':'auto'}).addStyleClass('sapTntToolHeaderPopover');p.oControlsManager._preProcessSapMButton=this._preProcessPopoverControlsSapMButton.bind(p.oControlsManager);if(sap.ui.Device.system.phone){p.attachBeforeOpen(this._shiftPopupShadow,this);p.attachAfterOpen(this._shiftPopupShadow,this);}p.attachAfterClose(this._popOverClosedHandler,this);this.setAggregation('_popover',p,true);}return this.getAggregation('_popover');};T.prototype._preProcessPopoverControlsSapMButton=function(c){this._mControlsCache[c.getId()]={buttonType:c.getType()};if(c.getIcon()){c.addStyleClass('sapMOTAPButtonWithIcon');}else{c.addStyleClass('sapMOTAPButtonNoIcon');}c.attachEvent('_change',this._onSapMButtonUpdated,this);};T.prototype._getBestActionSheetPlacement=function(){return sap.m.PlacementType.Bottom;};return T;},true);\n",
	"sap/tnt/ToolHeaderRenderer.js":"/*!\n * UI development toolkit for HTML5 (OpenUI5)\n * (c) Copyright 2009-2016 SAP SE or an SAP affiliate company.\n * Licensed under the Apache License, Version 2.0 - see LICENSE.txt.\n */\nsap.ui.define(['sap/ui/core/Renderer','sap/m/OverflowToolbarRenderer','sap/m/BarInPageEnabler'],function(R,O,B){'use strict';var T=R.extend(O);T.renderBarContent=function(r,t){var o=false;var i;t._getVisibleContent().forEach(function(c){i=c.getMetadata().getName()=='sap.tnt.ToolHeaderUtilitySeparator';if(!o&&i&&t._getOverflowButtonNeeded()){T.renderOverflowButton(r,t);o=true;}B.addChildClassTo(c,t);r.renderControl(c);});if(!o&&t._getOverflowButtonNeeded()){T.renderOverflowButton(r,t);}};return T;},true);\n",
	"sap/tnt/ToolHeaderUtilitySeparator.js":"/*!\n * UI development toolkit for HTML5 (OpenUI5)\n * (c) Copyright 2009-2016 SAP SE or an SAP affiliate company.\n * Licensed under the Apache License, Version 2.0 - see LICENSE.txt.\n */\nsap.ui.define(['jquery.sap.global','./library','sap/ui/core/Control'],function(q,l,C){'use strict';var T=C.extend('sap.tnt.ToolHeaderUtilitySeparator',{metadata:{library:'sap.tnt',properties:{}},renderer:{render:function(){}}});return T;},true);\n",
	"sap/tnt/ToolPage.js":"/*!\n * UI development toolkit for HTML5 (OpenUI5)\n * (c) Copyright 2009-2016 SAP SE or an SAP affiliate company.\n * Licensed under the Apache License, Version 2.0 - see LICENSE.txt.\n */\nsap.ui.define(['./library','sap/ui/core/Control','sap/ui/Device','sap/ui/core/ResizeHandler'],function(l,C,D,R){'use strict';var T=C.extend('sap.tnt.ToolPage',{metadata:{library:'sap.tnt',properties:{sideExpanded:{type:'boolean',group:'Misc',defaultValue:true}},aggregations:{header:{type:'sap.tnt.ToolHeader',multiple:false},sideContent:{type:'sap.tnt.SideNavigation',multiple:false},mainContents:{type:'sap.ui.core.Control',multiple:true,singularName:'mainContent'}},events:{}}});T.prototype.toggleSideContentMode=function(){return this.setSideExpanded(!this.getSideExpanded());};T.prototype.setSideExpanded=function(i){var s=this.getAggregation('sideContent');var a=D.system.phone;var d=this.getDomRef();this.setProperty('sideExpanded',i,true);if(s&&!a){s.setExpanded(i);}if(!d){return this;}if(i){d.querySelector('.sapTntToolPageContentWrapper').classList.remove('sapTntToolPageAsideCollapsed');}else{d.querySelector('.sapTntToolPageContentWrapper').classList.add('sapTntToolPageAsideCollapsed');}return this;};T.prototype.onBeforeRendering=function(){this._deregisterControl();};T.prototype.onAfterRendering=function(){this._ResizeHandler=R.register(this.getDomRef(),this._mediaQueryHandler.bind(this));this._updateLastMediaQuery();};T.prototype.exit=function(){this._deregisterControl();};T.prototype._deregisterControl=function(){if(this._ResizeHandler){R.deregister(this._ResizeHandler);this._ResizeHandler=null;}};T.prototype._mediaQueryHandler=function(){var s=this.getAggregation('sideContent');if(s===null){return;}this._currentMediaQuery=this._getDeviceAsString();if(this._getLastMediaQuery()===this._currentMediaQuery){return;}switch(this._currentMediaQuery){case'Tablet':this.setSideExpanded(false);break;case'Phone':this.setSideExpanded(false);s.setExpanded(true);break;default:this.setSideExpanded(true);break;}this._updateLastMediaQuery();};T.prototype._getLastMediaQuery=function(){return this._lastMediaQuery;};T.prototype._updateLastMediaQuery=function(){this._lastMediaQuery=this._getDeviceAsString();return this;};T.prototype._getDeviceAsString=function(){if(D.system.phone){return'Phone';}if(D.system.tablet){return'Tablet';}return'Desktop';};return T;},true);\n",
	"sap/tnt/ToolPageRenderer.js":"/*!\n * UI development toolkit for HTML5 (OpenUI5)\n * (c) Copyright 2009-2016 SAP SE or an SAP affiliate company.\n * Licensed under the Apache License, Version 2.0 - see LICENSE.txt.\n */\nsap.ui.define([],function(){'use strict';var T={};T.render=function(r,c){r.write('<div');r.writeControlData(c);r.addClass('sapTntToolPage');r.writeClasses();r.write('>');this.renderHeader(r,c);this.renderContentWrapper(r,c);r.write('</div>');};T.renderHeader=function(r,c){if(c.getAggregation('header')){r.write('<div id=\"'+c.getId()+'-header\" class=\"sapTntToolPageHeader\">');r.renderControl(c.getAggregation('header'));r.write('</div>');}};T.renderContentWrapper=function(r,c){var i=sap.ui.Device.system.tablet;var a=sap.ui.Device.system.phone;r.write('<div class=\"sapTntToolPageContentWrapper');if(a||i||!c.getSideExpanded()){r.write(' sapTntToolPageAsideCollapsed');}r.write('\">');this.renderAsideContent(r,c);this.renderMainContent(r,c);r.write('</div>');};T.renderAsideContent=function(r,c){var i=sap.ui.Device.system.tablet;var a=sap.ui.Device.system.phone;var s=c.getAggregation('sideContent');var b=c.getSideExpanded();r.write('<aside id=\"'+c.getId()+'-aside\" class=\"sapTntToolPageAside\">');r.write('<div class=\"sapTntToolPageAsideContent\">');if(s&&s.getExpanded()!==b){s.setExpanded(b);}if(i||a){c.setSideExpanded(false);}r.renderControl(s);r.write('</div>');r.write('</aside>');};T.renderMainContent=function(r,c){var m=c.getAggregation('mainContents');if(m){r.write('<div id=\"'+c.getId()+'-main\" class=\"sapTntToolPageMain\">');r.write('<div class=\"sapTntToolPageMainContent\">');r.write('<div class=\"sapTntToolPageMainContentWrapper\">');m.forEach(r.renderControl);r.renderControl();r.write('</div>');r.write('</div>');r.write('</div>');}};return T;},true);\n",
	"sap/tnt/library.js":"/*!\n * UI development toolkit for HTML5 (OpenUI5)\n * (c) Copyright 2009-2016 SAP SE or an SAP affiliate company.\n * Licensed under the Apache License, Version 2.0 - see LICENSE.txt.\n */\nsap.ui.define(['jquery.sap.global','sap/ui/core/library','sap/m/library'],function(q){'use strict';sap.ui.getCore().initLibrary({name:'sap.tnt',version:'1.36.8',dependencies:['sap.ui.core','sap.m'],types:[],interfaces:[],controls:['sap.tnt.NavigationList','sap.tnt.ToolHeaderUtilitySeparator','sap.tnt.ToolHeader','sap.tnt.SideNavigation','sap.tnt.ToolPage'],elements:['sap.tnt.NavigationListItem']});return sap.tnt;});\n",
	"sap/tnt/manifest.json":"{\n  \"_version\": \"1.2.0\",\n  \"sap.app\": {\n    \"_version\": \"1.2.0\",\n    \"id\": \"sap.tnt\",\n    \"type\": \"library\",\n    \"embeds\": [],\n    \"applicationVersion\": {\n      \"version\": \"1.36.8\"\n    },\n    \"title\": \"SAPUI5 library with responsive controls.\",\n    \"description\": \"SAPUI5 library with responsive controls.\",\n    \"ach\": \"CA-UI5-CTR\",\n    \"resources\": \"resources.json\",\n    \"offline\": true\n  },\n  \"sap.ui\": {\n    \"_version\": \"1.1.0\",\n    \"technology\": \"UI5\",\n    \"supportedThemes\": [\n      \"base\",\n      \"sap_hcb\"\n    ]\n  },\n  \"sap.ui5\": {\n    \"_version\": \"1.1.0\",\n    \"dependencies\": {\n      \"minUI5Version\": \"1.36\",\n      \"libs\": {\n        \"sap.ui.core\": {\n          \"minVersion\": \"1.36.8\"\n        },\n        \"sap.m\": {\n          \"minVersion\": \"1.36.8\"\n        }\n      }\n    }\n  }\n}"
}}
