<?xml version="1.0" ?>
<library  version="2.0" name="sap.tnt">
  <module name="sap/tnt/NavigationList.js" size="6334" compressedSize="3124">
    <description>Provides control sap.tnt.NavigationList</description>
    <requires>
      <module name="jquery.sap.global.js"/>
      <module name="sap/tnt/library.js"/>
      <module name="sap/ui/core/Control.js"/>
      <module name="sap/m/Popover.js"/>
      <module name="sap/ui/core/delegate/ItemNavigation.js"/>
    </requires>
  </module>
  <module name="sap/tnt/NavigationListItem.js" size="16802" compressedSize="9290">
    <description>Provides control sap.tnt.NavigationListItem.</description>
    <requires>
      <module name="jquery.sap.global.js"/>
      <module name="sap/tnt/library.js"/>
      <module name="sap/ui/core/Item.js"/>
      <module name="sap/ui/core/Icon.js"/>
      <module name="sap/tnt/NavigationList.js"/>
      <module name="sap/ui/core/Renderer.js"/>
      <module name="sap/ui/core/IconPool.js"/>
    </requires>
  </module>
  <module name="sap/tnt/NavigationListRenderer.js" size="1654" compressedSize="725">
    <description>Provides the default renderer for control sap.tnt.NavigationList</description>
    <requires>
      <module name="jquery.sap.global.js"/>
      <module name="sap/ui/core/Renderer.js"/>
    </requires>
  </module>
  <module name="sap/tnt/SideNavigation.js" size="10228" compressedSize="4020">
    <description>Provides control sap.t.SideNavigation.</description>
    <requires>
      <module name="jquery.sap.global.js"/>
      <module name="sap/tnt/library.js"/>
      <module name="sap/ui/core/Control.js"/>
      <module name="sap/ui/core/ResizeHandler.js"/>
      <module name="sap/ui/core/Icon.js"/>
      <module name="sap/tnt/NavigationList.js"/>
    </requires>
  </module>
  <module name="sap/tnt/SideNavigationRenderer.js" size="4060" compressedSize="1902">
    <description>! UI development toolkit for HTML5 (OpenUI5) (c) Copyright 2009-2016 SAP SE or an SAP affiliate company. Licensed under the Apache License, Version 2.0 - see LICENSE.txt.</description>
    <requires>
      <module name="jquery.sap.global.js"/>
    </requires>
  </module>
  <module name="sap/tnt/ToolHeader.js" size="3967" compressedSize="1659">
    <description>Provides control sap.tnt.ToolHeader</description>
    <requires>
      <module name="jquery.sap.global.js"/>
      <module name="sap/tnt/library.js"/>
      <module name="sap/ui/core/Control.js"/>
      <module name="sap/m/OverflowToolbar.js"/>
      <module name="sap/m/OverflowToolbarAssociativePopover.js"/>
    </requires>
  </module>
  <module name="sap/tnt/ToolHeaderRenderer.js" size="1286" compressedSize="696">
    <description>! UI development toolkit for HTML5 (OpenUI5) (c) Copyright 2009-2016 SAP SE or an SAP affiliate company. Licensed under the Apache License, Version 2.0 - see LICENSE.txt.</description>
    <requires>
      <module name="sap/ui/core/Renderer.js"/>
      <module name="sap/m/OverflowToolbarRenderer.js"/>
      <module name="sap/m/BarInPageEnabler.js"/>
      <module name="jquery.sap.global.js"/>
    </requires>
  </module>
  <module name="sap/tnt/ToolHeaderUtilitySeparator.js" size="1390" compressedSize="432">
    <description>Provides control sap.tnt.ToolHeaderUtilitySeparator.</description>
    <requires>
      <module name="jquery.sap.global.js"/>
      <module name="sap/tnt/library.js"/>
      <module name="sap/ui/core/Control.js"/>
    </requires>
  </module>
  <module name="sap/tnt/ToolPage.js" size="5038" compressedSize="2371">
    <description>Provides control sap.t.ToolPage.</description>
    <requires>
      <module name="sap/tnt/library.js"/>
      <module name="sap/ui/core/Control.js"/>
      <module name="sap/ui/Device.js"/>
      <module name="sap/ui/core/ResizeHandler.js"/>
      <module name="jquery.sap.global.js"/>
    </requires>
  </module>
  <module name="sap/tnt/ToolPageRenderer.js" size="3299" compressedSize="1752">
    <description>! UI development toolkit for HTML5 (OpenUI5) (c) Copyright 2009-2016 SAP SE or an SAP affiliate company. Licensed under the Apache License, Version 2.0 - see LICENSE.txt.</description>
    <requires>
      <module name="jquery.sap.global.js"/>
    </requires>
  </module>
  <module name="sap/tnt/library.js" size="1024" compressedSize="606">
    <description>Initialization Code and shared classes of library sap.tnt.</description>
    <requires>
      <module name="jquery.sap.global.js"/>
      <module name="sap/ui/core/library.js"/>
      <module name="sap/m/library.js"/>
    </requires>
  </module>
  <module name="sap/tnt/manifest.json" size="782">
  </module>
</library>
