{
  "modules" : [
    {
      "name" : "sap/tnt/NavigationList.js",
      "description" : "Provides control sap.tnt.NavigationList",
      "size" : 6334,
      "compressedSize" : 3124,
      "required" : ["jquery.sap.global.js", "sap/tnt/library.js", "sap/ui/core/Control.js", "sap/m/Popover.js", "sap/ui/core/delegate/ItemNavigation.js"],
      "includes" : []
    },
    {
      "name" : "sap/tnt/NavigationListItem.js",
      "description" : "Provides control sap.tnt.NavigationListItem.",
      "size" : 16802,
      "compressedSize" : 9290,
      "required" : ["jquery.sap.global.js", "sap/tnt/library.js", "sap/ui/core/Item.js", "sap/ui/core/Icon.js", "sap/tnt/NavigationList.js", "sap/ui/core/Renderer.js", "sap/ui/core/IconPool.js"],
      "includes" : []
    },
    {
      "name" : "sap/tnt/NavigationListRenderer.js",
      "description" : "Provides the default renderer for control sap.tnt.NavigationList",
      "size" : 1654,
      "compressedSize" : 725,
      "required" : ["jquery.sap.global.js", "sap/ui/core/Renderer.js"],
      "includes" : []
    },
    {
      "name" : "sap/tnt/SideNavigation.js",
      "description" : "Provides control sap.t.SideNavigation.",
      "size" : 10228,
      "compressedSize" : 4020,
      "required" : ["jquery.sap.global.js", "sap/tnt/library.js", "sap/ui/core/Control.js", "sap/ui/core/ResizeHandler.js", "sap/ui/core/Icon.js", "sap/tnt/NavigationList.js"],
      "includes" : []
    },
    {
      "name" : "sap/tnt/SideNavigationRenderer.js",
      "description" : "! UI development toolkit for HTML5 (OpenUI5) (c) Copyright 2009-2016 SAP SE or an SAP affiliate company. Licensed under the Apache License, Version 2.0 - see LICENSE.txt.",
      "size" : 4060,
      "compressedSize" : 1902,
      "required" : ["jquery.sap.global.js"],
      "includes" : []
    },
    {
      "name" : "sap/tnt/ToolHeader.js",
      "description" : "Provides control sap.tnt.ToolHeader",
      "size" : 3967,
      "compressedSize" : 1659,
      "required" : ["jquery.sap.global.js", "sap/tnt/library.js", "sap/ui/core/Control.js", "sap/m/OverflowToolbar.js", "sap/m/OverflowToolbarAssociativePopover.js"],
      "includes" : []
    },
    {
      "name" : "sap/tnt/ToolHeaderRenderer.js",
      "description" : "! UI development toolkit for HTML5 (OpenUI5) (c) Copyright 2009-2016 SAP SE or an SAP affiliate company. Licensed under the Apache License, Version 2.0 - see LICENSE.txt.",
      "size" : 1286,
      "compressedSize" : 696,
      "required" : ["sap/ui/core/Renderer.js", "sap/m/OverflowToolbarRenderer.js", "sap/m/BarInPageEnabler.js", "jquery.sap.global.js"],
      "includes" : []
    },
    {
      "name" : "sap/tnt/ToolHeaderUtilitySeparator.js",
      "description" : "Provides control sap.tnt.ToolHeaderUtilitySeparator.",
      "size" : 1390,
      "compressedSize" : 432,
      "required" : ["jquery.sap.global.js", "sap/tnt/library.js", "sap/ui/core/Control.js"],
      "includes" : []
    },
    {
      "name" : "sap/tnt/ToolPage.js",
      "description" : "Provides control sap.t.ToolPage.",
      "size" : 5038,
      "compressedSize" : 2371,
      "required" : ["sap/tnt/library.js", "sap/ui/core/Control.js", "sap/ui/Device.js", "sap/ui/core/ResizeHandler.js", "jquery.sap.global.js"],
      "includes" : []
    },
    {
      "name" : "sap/tnt/ToolPageRenderer.js",
      "description" : "! UI development toolkit for HTML5 (OpenUI5) (c) Copyright 2009-2016 SAP SE or an SAP affiliate company. Licensed under the Apache License, Version 2.0 - see LICENSE.txt.",
      "size" : 3299,
      "compressedSize" : 1752,
      "required" : ["jquery.sap.global.js"],
      "includes" : []
    },
    {
      "name" : "sap/tnt/library.js",
      "description" : "Initialization Code and shared classes of library sap.tnt.",
      "size" : 1024,
      "compressedSize" : 606,
      "required" : ["jquery.sap.global.js", "sap/ui/core/library.js", "sap/m/library.js"],
      "includes" : []
    },
    {
      "name" : "sap/tnt/manifest.json",
      "size" : 782,
      "required" : [],
      "includes" : []
    }
  ]
}
