{
    "sapBrandColor": "#009de0",
    "sapHighlightColor": "#007cc0",
    "sapBaseColor": "#808080",
    "sapShellColor": "transparent",
    "sapBackgroundColor": "#f2f2f2",
    "sapTextColor": "#000000",
    "sapLinkColor": "#00679e",
    "sapCompanyLogo": "none",
    "sapBackgroundImage": "none",
    "sapBackgroundImageOpacity": "1",
    "sapBackgroundImageRepeat": "true",
    "sapSelectedColor": "#007cc0",
    "sapActiveColor": "#009de0",
    "sapHighlightTextColor": "#ffffff",
    "sapTitleColor": "#333333",
    "sapNegativeColor": "#cc1919",
    "sapCriticalColor": "#d14900",
    "sapPositiveColor": "#007833",
    "sapNeutralColor": "#007cc0",
    "sapContent_LabelColor": "#666666",
    "sapContent_DisabledTextColor": "#cccccc",
    "sapContent_ContrastTextThreshold": "0.65",
    "sapContent_ContrastTextColor": "#ffffff",
    "sapContent_ForegroundColor": "#e5e5e5",
    "sapContent_ForegroundBorderColor": "#bfbfbf",
    "sapContent_ForegroundTextColor": "#000000",
    "sapShell_Background": "#f2f2f2",
    "sapShell_BorderColor": "#dddddd",
    "sapShell_TextColor": "#666666",
    "sapButton_Background": "#f7f7f7",
    "sapButton_BorderColor": "#bfbfbf",
    "sapButton_TextColor": "#333333",
    "sapButton_Disabled_Background": "#f5f5f5",
    "sapButton_Disabled_BorderColor": "#d8d8d8",
    "sapButton_Disabled_TextColor": "#cccccc",
    "sapButton_Hover_Background": "#eaeaea",
    "sapButton_Hover_BorderColor": "#bfbfbf",
    "sapButton_Hover_TextColor": "#333333",
    "sapButton_Emphasized_Background": "#009de0",
    "sapButton_Emphasized_BorderColor": "#008bc7",
    "sapButton_Emphasized_TextColor": "#ffffff",
    "sapButton_Reject_Background": "#cc1919",
    "sapButton_Accept_Background": "#007833",
    "sapField_Background": "#ffffff",
    "sapField_BorderColor": "#bfbfbf",
    "sapField_HelpBackground": "#ffffff",
    "sapField_Hover_Background": "#ffffff",
    "sapField_Hover_BorderColor": "#007cc0",
    "sapField_Hover_HelpBackground": "#007cc0",
    "sapField_Focus_Background": "#ffffff",
    "sapField_Focus_BorderColor": "#007cc0",
    "sapField_Focus_HelpBackground": "#ffffff",
    "sapField_Disabled_Background": "#f9f9f9",
    "sapField_Disabled_BorderColor": "#d9d9d9",
    "sapField_Disabled_HelpBackground": "#f9f9f9",
    "sapField_ReadOnly_Background": "transparent",
    "sapField_ReadOnly_BorderColor": "transparent",
    "sapField_ReadOnly_HelpBackground": "transparent",
    "sapField_RequiredColor": "#007cc0",
    "sapField_InvalidColor": "#e52929",
    "sapField_InvalidBackground": "#fbdfdf",
    "sapField_WarningColor": "#f0ab00",
    "sapField_WarningBackground": "#fffcb5",
    "sapField_SuccessColor": "#008a3b",
    "sapField_SuccessBackground": "#e0f1e7",
    "sapGroup_TitleBackground": "transparent",
    "sapGroup_TitleBorderColor": "#cccccc",
    "sapGroup_TitleTextColor": "#333333",
    "sapGroup_ContentBackground": "#ffffff",
    "sapGroup_ContentBorderColor": "#dddddd",
    "sapGroup_FooterBackground": "transparent",
    "sapToolbar_Background": "transparent",
    "sapToolbar_SeparatorColor": "#bfbfbf",
    "sapList_HeaderBackground": "#f7f7f7",
    "sapList_HeaderBorderColor": "#e5e5e5",
    "sapList_HeaderTextColor": "#000000",
    "sapList_BorderColor": "#e5e5e5",
    "sapList_HighlightColor": "#007cc0",
    "sapList_SelectionBackgroundColor": "#e6f2f9",
    "sapList_Background": "#ffffff",
    "sapList_Hover_Background": "#f0f0f0",
    "sapScrollBar_FaceColor": "#e6e6e6",
    "sapScrollBar_TrackColor": "#f7f7f7",
    "sapScrollBar_BorderColor": "#e6e6e6",
    "sapScrollBar_SymbolColor": "#666666",
    "sapScrollBar_Hover_FaceColor": "#dedede",
    "sapPageHeader_Background": "#f2f2f2",
    "sapPageHeader_BorderColor": "#dddddd",
    "sapPageHeader_TextColor": "#666666",
    "sapPageFooter_Background": "rgba(54, 62, 67, 0.96)",
    "sapPageFooter_TextColor": "#ffffff",
    "sapInfobar_Background": "#457aae",
    "sapObjectHeader_Background": "#ffffff",
    "sapBlockLayer_Background": "#000000",
    "sapTile_Background": "#ffffff",
    "sapTile_BorderColor": "#dddddd",
    "sapTile_TextColor": "#333333",
    "sapUiSelected": "#007cc0",
    "sapUiActive": "#009de0",
    "sapUiContentLabelColor": "#666666",
    "sapUiContentDisabledTextColor": "#cccccc",
    "sapUiContentContrastTextThreshold": "0.65",
    "sapUiContentContrastTextColor": "#ffffff",
    "sapUiContentForegroundColor": "#e5e5e5",
    "sapUiContentForegroundBorderColor": "#bfbfbf",
    "sapUiContentForegroundTextColor": "#000000",
    "sapUiShellBackground": "#f2f2f2",
    "sapUiShellBorderColor": "#dddddd",
    "sapUiShellTextColor": "#666666",
    "sapUiButtonBackground": "#f7f7f7",
    "sapUiButtonBorderColor": "#bfbfbf",
    "sapUiButtonTextColor": "#333333",
    "sapUiButtonDisabledBackground": "#f5f5f5",
    "sapUiButtonDisabledBorderColor": "#d8d8d8",
    "sapUiButtonDisabledTextColor": "#cccccc",
    "sapUiButtonHoverBackground": "#eaeaea",
    "sapUiButtonHoverBorderColor": "#bfbfbf",
    "sapUiButtonHoverTextColor": "#333333",
    "sapUiButtonEmphasizedBackground": "#009de0",
    "sapUiButtonEmphasizedBorderColor": "#008bc7",
    "sapUiButtonEmphasizedTextColor": "#ffffff",
    "sapUiButtonRejectBackground": "#cc1919",
    "sapUiButtonAcceptBackground": "#007833",
    "sapUiFieldBackground": "#ffffff",
    "sapUiFieldBorderColor": "#bfbfbf",
    "sapUiFieldHelpBackground": "#ffffff",
    "sapUiFieldHoverBackground": "#ffffff",
    "sapUiFieldHoverBorderColor": "#007cc0",
    "sapUiFieldHoverHelpBackground": "#007cc0",
    "sapUiFieldFocusBackground": "#ffffff",
    "sapUiFieldFocusBorderColor": "#007cc0",
    "sapUiFieldFocusHelpBackground": "#ffffff",
    "sapUiFieldReadOnlyBackground": "transparent",
    "sapUiFieldReadOnlyBorderColor": "transparent",
    "sapUiFieldReadOnlyHelpBackground": "transparent",
    "sapUiFieldDisabledBackground": "#f9f9f9",
    "sapUiFieldDisabledBorderColor": "#d9d9d9",
    "sapUiFieldDisabledHelpBackground": "#f9f9f9",
    "sapUiFieldRequiredColor": "#007cc0",
    "sapUiFieldInvalidColor": "#e52929",
    "sapUiFieldInvalidBackground": "#fbdfdf",
    "sapUiFieldWarningColor": "#f0ab00",
    "sapUiFieldWarningBackground": "#fffcb5",
    "sapUiFieldSuccessColor": "#008a3b",
    "sapUiFieldSuccessBackground": "#e0f1e7",
    "sapUiGroupTitleBackground": "transparent",
    "sapUiGroupTitleBorderColor": "#cccccc",
    "sapUiGroupTitleTextColor": "#333333",
    "sapUiGroupContentBackground": "#ffffff",
    "sapUiGroupContentBorderColor": "#dddddd",
    "sapUiGroupFooterBackground": "transparent",
    "sapUiToolbarBackground": "transparent",
    "sapUiToolbarSeparatorColor": "#bfbfbf",
    "sapUiListHeaderBackground": "#f7f7f7",
    "sapUiListHeaderBorderColor": "#e5e5e5",
    "sapUiListHeaderTextColor": "#000000",
    "sapUiListBorderColor": "#e5e5e5",
    "sapUiListHighlightColor": "#007cc0",
    "sapUiListSelectionBackgroundColor": "#e6f2f9",
    "sapUiListBackground": "#ffffff",
    "sapUiListHoverBackground": "#f0f0f0",
    "sapUiScrollBarFaceColor": "#e6e6e6",
    "sapUiScrollBarTrackColor": "#f7f7f7",
    "sapUiScrollBarBorderColor": "#e6e6e6",
    "sapUiScrollBarSymbolColor": "#666666",
    "sapUiScrollBarHoverFaceColor": "#dedede",
    "sapUiPageHeaderBackground": "#f2f2f2",
    "sapUiPageHeaderBorderColor": "#dddddd",
    "sapUiPageHeaderTextColor": "#666666",
    "sapUiPageFooterBackground": "rgba(54, 62, 67, 0.96)",
    "sapUiPageFooterTextColor": "#ffffff",
    "sapUiInfobarBackground": "#457aae",
    "sapUiObjectHeaderBackground": "#ffffff",
    "sapUiBlockLayerBackground": "#000000",
    "sapUiTileBackground": "#ffffff",
    "sapUiTileBorderColor": "#dddddd",
    "sapUiTileTextColor": "#333333",
    "sapUiBaseColor": "#808080",
    "sapUiHighlightTextColor": "#ffffff",
    "sapUiBaseBG": "#f2f2f2",
    "sapUiBrand": "#009de0",
    "sapUiHighlight": "#007cc0",
    "sapUiPurple": "#ab218e",
    "sapUiOrange": "#f27020",
    "sapUiGreen": "#008a3b",
    "sapUiBlue": "#007cc0",
    "sapUiRed": "#e52929",
    "sapUiYellow": "#f0ab00",
    "sapUiBase": "#808080",
    "sapUiBaseBorder": "#808080",
    "sapUiBaseText": "#000000",
    "sapUiBaseLine": "#808080",
    "sapUiWhite": "#ffffff",
    "sapUiWhiteBG": "#ffffff",
    "sapUiExtraLightBG": "#f2f2f2",
    "sapUiLightBG": "#e5e5e5",
    "sapUiMediumBG": "#dddddd",
    "sapUiDarkBG": "#777777",
    "sapUiDeepBG": "#000000",
    "sapUiBlackBG": "#000000",
    "sapUiHoverBG": "#e6f2f9",
    "sapUiMediumAltBG": "#b8c2cc",
    "sapUiDarkAltBG": "#707376",
    "sapUiButtonStandardBG": "#f7f7f7",
    "sapUiButtonEmphasizedBG": "#009de0",
    "sapUiButtonNegativeBG": "#ff0000",
    "sapUiButtonPositiveBG": "#008000",
    "sapUiErrorBG": "#fbdfdf",
    "sapUiWarningBG": "#fffcb5",
    "sapUiReadOnlyBG": "#808080",
    "sapUiExtraLightText": "#707070",
    "sapUiLightText": "#666666",
    "sapUiMediumText": "#444444",
    "sapUiDarkText": "#333333",
    "sapUiDeepText": "#000000",
    "sapUiText": "#000000",
    "sapUiTextInverted": "#ffffff",
    "sapUiLink": "#00679e",
    "sapUiLinkInverted": "#1bb1ff",
    "sapUiLinkVisited": "#00679e",
    "sapUiLinkActive": "#00679e",
    "sapUiLinkHover": "#00679e",
    "sapUiNegativeText": "#cc1919",
    "sapUiPositiveText": "#007833",
    "sapUiWhiteBorder": "#ffffff",
    "sapUiExtraLightBorder": "#e5e5e5",
    "sapUiLightBorder": "#dddddd",
    "sapUiMediumBorder": "#cccccc",
    "sapUiDarkBorder": "#bfbfbf",
    "sapUiBlackBorder": "#000000",
    "sapUiErrorBorder": "#e52929",
    "sapUiWarningBorder": "#f0ab00",
    "sapUiElement": "#666666",
    "sapUiInvertedElement": "#ffffff",
    "sapUiLightLine": "#cccccc",
    "sapUiMediumLine": "#999999",
    "sapUiEmphasizedLine": "#007cc0",
    "sapUiDarkLine": "#333333",
    "sapUiLightShadowTint": "#ffffff",
    "sapUiDarkShadowTint": "#000000",
    "sapUiFocus": "#005483",
    "sapUiInvertedFocus": "#ffffff",
    "sapUiListTextColor": "#333333",
    "sapUiTableRowBG": "#ffffff",
    "sapUiTableRowAlternatingBG": "#eff7fb",
    "sapUiTableRowSelectionBG": "#d1e9f4",
    "sapUiTableRowSelectionReadOnlyBG": "#c9e1ed",
    "sapUiTableRowHoverBG": "#e6f2f9",
    "sapUiListBG": "#ffffff",
    "sapUiTextColor": "#008000",
    "sapUiTextTitleColor": "#008000",
    "sapUiTextSelectionColor": "#008000",
    "sapUiTextDisabled": "#999999",
    "sapUiTextTitle": "#333333",
    "sapUiTextSelection": "#ffffff",
    "sapUiTextfieldBackground": "#ffffff",
    "sapUiLineHeight": "18px",
    "sapUiFontFamily": "Arial, Helvetica, sans-serif",
    "sapUiFontMonospaceFamily": "Lucida Console",
    "sapUiFontSize": "16px",
    "sapUiFontLargeSize": "13px",
    "sapUiFontSmallSize": "11px",
    "sapUiFontHeader1Size": "26px",
    "sapUiFontHeader2Size": "20px",
    "sapUiFontHeader3Size": "18px",
    "sapUiFontHeader4Size": "16px",
    "sapUiFontHeader5Size": "14px",
    "sapUiFontHeader6Size": "13px",
    "sapUiUx3ShellBackgroundColor": "#f2f2f2",
    "sapUiUx3ShellHoverColor": "#777777",
    "sapUiUx3ShellSideBarBaseWidth": "40px",
    "sapUiUx3ShellPaneOverflowButtonHeight": "120px",
    "sapUiUx3ShellToolPaletteIconFontColor": "#8899aa",
    "sapUiUx3ExactLstExpandOffset": "-1 -2",
    "sapUiUx3ExactLstRootExpandOffset": "0 3",
    "sapUiUx3ExactLstCollapseWidth": "24px",
    "sapUiUx3ExactLstHeaderHeight": "25px",
    "sapUiUx3ExactLstContentTop": "25px",
    "sapUiNotificationBarBG": "rgba(51, 51, 51, 0.98)",
    "sapUiNotificationBarBG_IE": "#444444",
    "sapUiNotifierHoverColor": "#007cc0",
    "sapUiNotifierSeparator": "#000000",
    "sapUiNotificationText": "#ffffff",
    "sapUiNotificationTimestamp": "#ababab",
    "sapUiNotificationBarCalloutBorder": "rgba(68, 68, 68, 0)",
    "sapUiNotificationBarCalloutBorder_IE": "#444444",
    "sapUiNotificationBarCalloutArr": "rgba(51, 51, 51, 0.98)",
    "sapUiNotificationBarHeight": "40px",
    "sapUiNotificationBarHeightMinimized": "0px",
    "sapUiNotificationBarHeightMaximized": "40%",
    "sapUiNotifierWidth": "40px",
    "sapUiNotifierSeparatorWidth": "1px",
    "sapUiUx3ToolPopupInverted": "false",
    "sapUiUx3ToolPopupArrowWidth": "13px",
    "sapUiUx3ToolPopupArrowHeight": "24px",
    "sapUiUx3ToolPopupArrowRightMarginCorrection": "-1px",
    "sapUiUx3ToolPopupArrowRightMarginCorrectionInverted": "-7px",
    "sapUiUx3TPPaddingBottom": "50px",
    "sapUiButtonIconColor": "#666666",
    "sapUiButtonActiveBackground": "#007cc0",
    "sapUiButtonActiveBorderColor": "#007cc0",
    "sapUiButtonActiveTextColor": "#ffffff",
    "sapUiButtonEmphasizedDisabledBorderColor": "#008bc7",
    "sapUiButtonEmphasizedDisabledBackground": "#009de0",
    "sapUiButtonEmphasizedHoverBorderColor": "#008bc7",
    "sapUiButtonEmphasizedHoverBackground": "#008bc7",
    "sapUiButtonEmphasizedActiveBorderColor": "#0079ad",
    "sapUiButtonEmphasizedActiveBackground": "#0079ad",
    "sapUiButtonAcceptBorderColor": "#005f28",
    "sapUiButtonAcceptDisabledBorderColor": "#005f28",
    "sapUiButtonAcceptDisabledBackground": "#007833",
    "sapUiButtonAcceptHoverBorderColor": "#005f28",
    "sapUiButtonAcceptHoverBackground": "#005f28",
    "sapUiButtonAcceptActiveBorderColor": "#00451d",
    "sapUiButtonAcceptActiveBackground": "#00451d",
    "sapUiButtonRejectBorderColor": "#b51616",
    "sapUiButtonRejectDisabledBorderColor": "#b51616",
    "sapUiButtonRejectDisabledBackground": "#cc1919",
    "sapUiButtonRejectHoverBorderColor": "#b51616",
    "sapUiButtonRejectHoverBackground": "#b51616",
    "sapUiButtonRejectActiveBorderColor": "#9f1313",
    "sapUiButtonRejectActiveBackground": "#9f1313",
    "sapUiButtonLiteBackground": "transparent",
    "sapUiToggleButtonPressedDisabledBackground": "#007cc0",
    "sapUiToggleButtonPressedBackground": "#007cc0",
    "sapUiToggleButtonPressedHoverBackground": "#006ca7",
    "sapUiPositiveBG": "#007833",
    "sapUiShadowTint": "#000000",
    "sapUiShadow": "0px 4px 17px rgba(0, 0, 0, 0.4)",
    "sapUiThemeDesignerCustomCss": "false",
    "sapUiMarginTiny": "0.5rem",
    "sapUiMarginSmall": "1rem",
    "sapUiMarginMedium": "2rem",
    "sapUiMarginLarge": "3rem",
    "sapUiEscapedEmptyString": "",
    "sapTntToolPageAsideWidth": "20rem",
    "sapTntToolPageAsideWidthOnTablet": "3rem",
    "sapTntToolPageHeaderHeight": "3rem",
    "sapTntToolPageFooterHeight": "3rem",
    "sapTntToolPageCompactAsideWidth": "16rem",
    "sapTntToolPageCompactAsideWidthOnTablet": "2rem",
    "sapTntToolPageCompactHeaderHeight": "2rem",
    "sapTntToolPageCompactFooterHeight": "2rem",
    "sapBackgroundColorDefault": "#f2f2f2",
    "sapBackgroundGradientBaseColor": "#178299",
    "sapFontFamily": "Arial, Helvetica, sans-serif",
    "sapFontSize": "0.75em",
    "sapAccentColor1": "#f0ab00",
    "sapAccentColor2": "#f27020",
    "sapAccentColor3": "#e52929",
    "sapAccentColor4": "#ab218e",
    "sapAccentColor5": "#007cc0",
    "sapAccentColor6": "#008a3b",
    "sapAccentColor7": "#004990",
    "sapAccentColor8": "#009de0",
    "sapDarkShadowColor": "#000000",
    "sapLightShadowColor": "#ffffff",
    "sapDarkFocusColor": "#005483",
    "sapLightFocusColor": "#ffffff",
    "sapSearchHighlightColor": "#fffcb5",
    "sapHelpHighlightColor": "#3f8600",
    "sapBaseBackground": "#808080",
    "sapLightestBackground": "#ffffff",
    "sapExtraLightBackground": "#f2f2f2",
    "sapLightBackground": "#e5e5e5",
    "sapMediumBackground": "#dddddd",
    "sapDarkBackground": "#777777",
    "sapExtraDarkBackground": "#333333",
    "sapDarkestBackground": "#000000",
    "sapBaseBorderColor": "#808080",
    "sapLightestBorderColor": "#ffffff",
    "sapExtraLightBorderColor": "#e5e5e5",
    "sapLightBorderColor": "#dddddd",
    "sapMediumBorderColor": "#cccccc",
    "sapDarkBorderColor": "#bfbfbf",
    "sapExtraDarkBorderColor": "#999999",
    "sapDarkestBorderColor": "#000000",
    "sapExtraLightTextColor": "#707070",
    "sapLightTextColor": "#666666",
    "sapMediumTextColor": "#444444",
    "sapDarkTextColor": "#333333",
    "sapExtraDarkTextColor": "#222222",
    "sapErrorBackground": "#fbdfdf",
    "sapWarningBackground": "#fffcb5",
    "sapSuccessBackground": "#e0f1e7",
    "sapNeutralBackground": "#e6f2f9",
    "sapErrorBorderColor": "#e52929",
    "sapWarningBorderColor": "#f0ab00",
    "sapSuccessBorderColor": "#008a3b",
    "sapNegativeElementColor": "#cc1919",
    "sapCriticalElementColor": "#d14900",
    "sapPositiveElementColor": "#007833",
    "sapNeutralElementColor": "#007cc0",
    "sapNegativeTextColor": "#cc1919",
    "sapCriticalTextColor": "#d14900",
    "sapPositiveTextColor": "#007833",
    "sapErrorColor": "#e52929",
    "sapWarningColor": "#f0ab00",
    "sapSuccessColor": "#008a3b",
    "sapContent_BackgroundGradientStartColor": "#2da9b1",
    "sapContent_BackgroundGradientMiddleColor": "#178299",
    "sapContent_BackgroundGradientEndColor": "#1a4c7d",
    "sapContent_BackgroundGradientMixedStartColor": "#dff2f3",
    "sapContent_BackgroundGradientMixedMiddleColor": "#dcecf0",
    "sapContent_BackgroundGradientMixedEndColor": "#dde4eb",
    "sapContent_LineHeight": "1.3",
    "sapContent_ElementHeight": "1.37em",
    "sapContent_ElementHeight_PX": "22px",
    "sapContent_IconHeight": "16px",
    "sapContent_MonospaceFontFamily": "lucida console, monospace",
    "sapContent_DisabledOpacity": "0.5",
    "sapButton_BorderWitdh": "1px",
    "sapButton_BorderCornerRadius": "0",
    "sapField_BorderWitdh": "1px",
    "sapField_BorderCornerRadius": "0",
    "sapGroup_Title_FontSize": "1em",
    "sapGroup_BorderWidth": "1px",
    "sapGroup_BorderCornerRadius": "0",
    "sapList_BorderWidth": "1px",
    "sapScrollBar_Dimension": "16px",
    "sapChart_OrderedColor_1": "#5cbae6",
    "sapChart_OrderedColor_2": "#b6d957",
    "sapChart_OrderedColor_3": "#fac364",
    "sapChart_OrderedColor_4": "#8cd3ff",
    "sapChart_OrderedColor_5": "#d998cb",
    "sapChart_OrderedColor_6": "#f2d249",
    "sapChart_OrderedColor_7": "#93b9c6",
    "sapChart_OrderedColor_8": "#ccc5a8",
    "sapChart_OrderedColor_9": "#52bacc",
    "sapChart_OrderedColor_10": "#dbdb46",
    "sapChart_OrderedColor_11": "#98aafb",
    "sapChart_Bad": "#d32030",
    "sapChart_Critical": "#e17b24",
    "sapChart_Good": "#61a656",
    "sapChart_Neutral": "#848f94",
    "sapChart_Sequence_1": "#27a3dd",
    "sapChart_Sequence_2": "#9dc62d",
    "sapChart_Sequence_3": "#f8ac29",
    "sapChart_Sequence_Neutral": "#848f94",
    "sapUiUx3ShellHeaderColor": "transparent",
    "sapUiGlobalBackgroundColorDefault": "#f2f2f2",
    "sapUiGlobalBackgroundColor": "#f2f2f2",
    "sapUiGlobalLogo": "none",
    "sapUiGlobalBackgroundImage": "none",
    "sapUiBackgroundImage": "none",
    "sapUiUx3ShellBackgroundImageURL": "none",
    "sapUiGlobalBackgroundImageOpacity": "1",
    "sapUiGlobalBackgroundRepeat": "true",
    "sapUiHighlightText": "#ffffff",
    "sapUiGlobalBackgroundGradientStartColor": "#2da9b1",
    "sapUiGlobalBackgroundGradientMiddleColor": "#178299",
    "sapUiGlobalBackgroundGradientEndColor": "#1a4c7d",
    "sapUiContentDisabledOpacity": "0.5",
    "sapUiChart1": "#5cbae6",
    "sapUiChart2": "#b6d957",
    "sapUiChart3": "#fac364",
    "sapUiChart4": "#8cd3ff",
    "sapUiChart5": "#d998cb",
    "sapUiChart6": "#f2d249",
    "sapUiChart7": "#93b9c6",
    "sapUiChart8": "#ccc5a8",
    "sapUiChart9": "#52bacc",
    "sapUiChart10": "#dbdb46",
    "sapUiChart11": "#98aafb",
    "sapUiChartBad": "#d32030",
    "sapUiChartCritical": "#e17b24",
    "sapUiChartGood": "#61a656",
    "sapUiChartNeutral": "#848f94",
    "sapUiChartSequence1": "#27a3dd",
    "sapUiChartSequence2": "#9dc62d",
    "sapUiChartSequence3": "#f8ac29",
    "sapUiChartSequenceNeutral": "#848f94",
    "sapUiFieldPlaceholderTextColor": "#707070",
    "sapUiAccent1": "#f0ab00",
    "sapUiAccent2": "#f27020",
    "sapUiAccent3": "#e52929",
    "sapUiAccent4": "#ab218e",
    "sapUiAccent5": "#007cc0",
    "sapUiAccent6": "#008a3b",
    "sapUiAccent7": "#004990",
    "sapUiAccent8": "#009de0",
    "sapUiDarkFocusColor": "#005483",
    "sapUiLightFocusColor": "#ffffff",
    "sapUiSearchHighlight": "#fffcb5",
    "sapUiHelpHighlight": "#3f8600",
    "sapUiBaseBackground": "#808080",
    "sapUiLightestBG": "#ffffff",
    "sapUiExtraDarkBG": "#333333",
    "sapUiDarkestBG": "#000000",
    "sapUiLightestBorder": "#ffffff",
    "sapUiExtraDarkBorder": "#999999",
    "sapUiDarkestBorder": "#000000",
    "sapUiExtraDarkText": "#222222",
    "sapUiSuccessBG": "#e0f1e7",
    "sapUiNeutralBG": "#e6f2f9",
    "sapUiSuccessBorder": "#008a3b",
    "sapUiNeutralBorder": "#007cc0",
    "sapUiNegativeElement": "#cc1919",
    "sapUiCriticalElement": "#d14900",
    "sapUiPositiveElement": "#007833",
    "sapUiNeutralElement": "#007cc0",
    "sapUiCriticalText": "#d14900",
    "sapUiNegative": "#cc1919",
    "sapUiCritical": "#d14900",
    "sapUiPositive": "#007833",
    "sapUiNeutral": "#007cc0",
    "sapUiBlack": "#000000",
    "sapUiStandardText": "#000000",
    "sapUiHeaderText": "#333333",
    "sapUiActiveBG": "#e6f2f9",
    "sapUiFooterBG": "rgba(54, 62, 67, 0.96)",
    "sapUiFooterOnDesktopBG": "rgba(54, 62, 67, 0.96)",
    "sapUiLightestBGHover": "#f0f0f0",
    "sapUiActiveBGHover": "#d9ecf6",
    "sapUiFontCondensedFamily": "'Arial Narrow', HelveticaNeue-CondensedBold, Arial, sans-serif",
    "sapUiFontHeaderFamily": "Arial, Helvetica, sans-serif",
    "sapUiFontHeaderWeight": "normal",
    "sapMFontHeader1Size": "1.75rem",
    "sapMFontHeader2Size": "1.5rem",
    "sapMFontHeader3Size": "1.25rem",
    "sapMFontHeader4Size": "1.125rem",
    "sapMFontHeader5Size": "1rem",
    "sapMFontHeader6Size": "0.875rem",
    "sapMFontSmallSize": "0.75rem",
    "sapMFontMediumSize": "0.875rem",
    "sapMFontLargeSize": "1rem",
    "sapUiTranslucentBGOpacity": "80%",
    "sapMPlatformDependent": "false",
    "sapUiGlobalBackgroundVariant": "2",
    "sapUiGlobalLogoDefault": "none",
    "sapUiGlobalBackgroundImageOpacityDefault": "1",
    "sapUiGlobalBackgroundImageDefault": "none",
    "sapUiGlobalStrongBackgroundTextContrastColor": "none",
    "sapUiDesktopFontFamily": "Arial, Helvetica, sans-serif",
    "sapUiDesktopFontSize": "12px",
    "sapUiKeyboardFocus": "#005483",
    "sapUiChartLabelHoverColor": "#f0f0f0",
    "sapUiChartLabelPressedColor": "#cccccc",
    "sapUiChartCategoryAxisLabelFontColor": "#333333",
    "sapUiChartValueAxisLabelFontColor": "#707070",
    "sapUiChartCategoryAxisLabelFontSize": "0.75rem",
    "sapUiChartValueAxisLabelFontSize": "0.75rem",
    "sapUiChartCategoryAxisLineColor": "#cccccc",
    "sapUiChartValueAxisLineColor": "#cccccc",
    "sapUiChartCategoryAxisTickColor": "#cccccc",
    "sapUiChartValueAxisTickColor": "#cccccc",
    "sapUiChartBackgroundColor": "#ffffff",
    "sapUiChartLabelFontWeight": "normal",
    "sapUiChartLegendLabelFontColor": "#000000",
    "sapUiChartLegendTitleFontColor": "#000000",
    "sapUiChartLegendTitleFontSize": "0.875rem",
    "sapUiChartLegendLabelFontSize": "0.75rem",
    "sapUiChartPaletteUndefinedColor": "#000000",
    "sapUiChartGridlineColor": "#e5e5e5",
    "sapUiChartReferenceLineColor": "#333333",
    "sapUiChartDataLabelFontColor": "#000000",
    "sapUiChartReferenceLineLabelColor": "#000000",
    "sapUiChartDataLabelFontSize": "0.75rem",
    "sapUiChartPopoverDataItemFontColor": "#000000",
    "sapUiChartPopoverGroupFontColor": "#000000",
    "sapUiChartPopoverDataItemFontSize": "0.875rem",
    "sapUiChartPopoverGroupFontSize": "0.875rem",
    "sapUiChartPopoverGroupFontWeight": "bold",
    "sapUiChartScrollBarThumbColor": "#e6e6e6",
    "sapUiChartScrollBarTrackColor": "#f7f7f7",
    "sapUiChartScrollBarThumbHoverColor": "#dedede",
    "sapUiChartMainTitleFontColor": "#333333",
    "sapUiChartAxisTitleFontColor": "#000000",
    "sapUiChartMainTitleFontSize": "1rem",
    "sapUiChartAxisTitleFontSize": "0.875rem",
    "sapUiChartTitleFontWeight": "bold",
    "sapUiChartLightText": "#707070",
    "sapUiChartZeroAxisColor": "#666666",
    "sapUiChartDataPointBorderColor": "#ffffff",
    "sapUiChartDataPointBorderHoverSelectedColor": "#666666",
    "sapUiChartDataPointNotSelectedBackgroundOpacity": "0.6",
    "sapUiChartValueAxisLineOpacity": "0",
    "sapUiChartCategoryAxisLabelFontHoverColor": "#333333",
    "sapUiChartCategoryAxisLabelFontPressedColor": "#333333",
    "sapUiChartTargetColor": "#333333",
    "sapUiChartTargetShadowColor": "#ffffff",
    "sapUiChartBubbleBGOpacity": "0.8",
    "sapUiChartScrollbarBorderColor": "#ffffff",
    "sapUiChartScrollbarBorderSize": "0",
    "sapUiChartScrollbarThumbPadding": "0",
    "sapUiChartPaletteQualitativeHue1": "#5cbae6",
    "sapUiChartPaletteQualitativeHue2": "#b6d957",
    "sapUiChartPaletteQualitativeHue3": "#fac364",
    "sapUiChartPaletteQualitativeHue4": "#8cd3ff",
    "sapUiChartPaletteQualitativeHue5": "#d998cb",
    "sapUiChartPaletteQualitativeHue6": "#f2d249",
    "sapUiChartPaletteQualitativeHue7": "#93b9c6",
    "sapUiChartPaletteQualitativeHue8": "#ccc5a8",
    "sapUiChartPaletteQualitativeHue9": "#52bacc",
    "sapUiChartPaletteQualitativeHue10": "#dbdb46",
    "sapUiChartPaletteQualitativeHue11": "#98aafb",
    "sapUiChartPaletteSemanticBadLight3": "#f09ca4",
    "sapUiChartPaletteSemanticBadLight2": "#e9707b",
    "sapUiChartPaletteSemanticBadLight1": "#e34352",
    "sapUiChartPaletteSemanticBad": "#d32030",
    "sapUiChartPaletteSemanticBadDark1": "#a71926",
    "sapUiChartPaletteSemanticBadDark2": "#911621",
    "sapUiChartPaletteSemanticCriticalLight3": "#f3ccab",
    "sapUiChartPaletteSemanticCriticalLight2": "#edb17e",
    "sapUiChartPaletteSemanticCriticalLight1": "#e79651",
    "sapUiChartPaletteSemanticCritical": "#e17b24",
    "sapUiChartPaletteSemanticCriticalDark1": "#b96319",
    "sapUiChartPaletteSemanticCriticalDark2": "#a25716",
    "sapUiChartPaletteSemanticGoodLight3": "#bedbba",
    "sapUiChartPaletteSemanticGoodLight2": "#9fca98",
    "sapUiChartPaletteSemanticGoodLight1": "#80b877",
    "sapUiChartPaletteSemanticGood": "#61a656",
    "sapUiChartPaletteSemanticGoodDark1": "#4d8445",
    "sapUiChartPaletteSemanticGoodDark2": "#44743c",
    "sapUiChartPaletteSemanticNeutralLight3": "#d5dadc",
    "sapUiChartPaletteSemanticNeutralLight2": "#bac1c4",
    "sapUiChartPaletteSemanticNeutralLight1": "#9ea8ad",
    "sapUiChartPaletteSemanticNeutral": "#848f94",
    "sapUiChartPaletteSemanticNeutralDark1": "#69767c",
    "sapUiChartPaletteSemanticNeutralDark2": "#5e696e",
    "sapUiChartPaletteSequentialHue1Light3": "#abdbf2",
    "sapUiChartPaletteSequentialHue1Light2": "#84caec",
    "sapUiChartPaletteSequentialHue1Light1": "#5cbae5",
    "sapUiChartPaletteSequentialHue1": "#27a3dd",
    "sapUiChartPaletteSequentialHue1Dark1": "#1b7eac",
    "sapUiChartPaletteSequentialHue1Dark2": "#156489",
    "sapUiChartPaletteSequentialHue2Light3": "#d7eaa2",
    "sapUiChartPaletteSequentialHue2Light2": "#c6e17d",
    "sapUiChartPaletteSequentialHue2Light1": "#b6d957",
    "sapUiChartPaletteSequentialHue2": "#9dc62d",
    "sapUiChartPaletteSequentialHue2Dark1": "#759422",
    "sapUiChartPaletteSequentialHue2Dark2": "#5b731a",
    "sapUiChartPaletteSequentialHue3Light3": "#fde5bd",
    "sapUiChartPaletteSequentialHue3Light2": "#fbd491",
    "sapUiChartPaletteSequentialHue3Light1": "#fac364",
    "sapUiChartPaletteSequentialHue3": "#f8ac29",
    "sapUiChartPaletteSequentialHue3Dark1": "#dd8e07",
    "sapUiChartPaletteSequentialHue3Dark2": "#b57506",
    "sapUiChartPaletteSequentialNeutralLight3": "#d5dadc",
    "sapUiChartPaletteSequentialNeutralLight2": "#bac1c4",
    "sapUiChartPaletteSequentialNeutralLight1": "#9ea8ad",
    "sapUiChartPaletteSequentialNeutral": "#848f94",
    "sapUiChartPaletteSequentialNeutralDark1": "#69767c",
    "sapUiChartPaletteSequentialNeutralDark2": "#5e696e",
    "sapUiChoroplethBG": "#f7f7f8",
    "sapUiChoroplethRegionBorder": "#ffffff",
    "sapUiChoroplethRegionBG": "#bac1c4",
    "sapUiMapLegendBG": "#ffffff",
    "sapUiMapLegendBorderColor": "#cccccc",
    "sapUiUx3ShellGradientBottom": "rgba(44, 44, 44, 0)",
    "sapUiUx3ShellGradientTop": "rgba(0, 95, 192, 0.03)",
    "sapUiNotificationBarBorder": "#666666",
    "sapUiUx3ToolPopupShadow": "0 0 30px rgba(0, 0, 0, 0.2)",
    "sapUiCalloutShadow": "0 0 30px rgba(0, 0, 0, 0.2)",
    "sapUiButtonEmphasizedTextShadow": "rgba(0, 0, 0, 0.5)",
    "sapUiButtonAcceptTextColor": "#ffffff",
    "sapUiButtonRejectTextColor": "#ffffff",
    "sapUiButtonLiteBorderColor": "transparent",
    "sapUiButtonLiteTextColor": "#00679e",
    "sapUiButtonLiteHoverBackground": "rgba(222, 222, 222, 0.5)",
    "sapUiButtonLiteHoverBorderColor": "rgba(222, 222, 222, 0.5)",
    "sapUiButtonLiteActiveBackground": "#007cc0",
    "sapUiButtonLiteActiveBorderColor": "#007cc0",
    "sapUiButtonHeaderTextColor": "#333333",
    "sapUiButtonHeaderDisabledTextColor": "#333333",
    "sapUiButtonFooterTextColor": "#ffffff",
    "sapUiButtonFooterHoverBackground": "rgba(234, 234, 234, 0.09999999999999998)",
    "sapUiButtonActionSelectBackground": "rgba(54, 62, 67, 0.96)",
    "sapUiButtonActionSelectBorderColor": "rgba(100, 114, 123, 0.96)",
    "sapUiButtonLiteActionSelectHoverBackground": "rgba(68, 78, 84, 0.96)",
    "sapUiToggleButtonPressedBorderColor": "#006ca7",
    "sapUiToggleButtonPressedTextColor": "#ffffff",
    "sapUiToggleButtonPressedHoverBorderColor": "#006ca7",
    "sapUiToggleButtonPressedDisabledBorderColor": "#006ca7",
    "sapUiToggleButtonPressedDisabledTextColor": "#cccccc",
    "sapUiSegmentedButtonBackground": "#ffffff",
    "sapUiSegmentedButtonBorderColor": "#dedede",
    "sapUiSegmentedButtonTextColor": "#00679e",
    "sapUiSegmentedButtonHoverBackground": "rgba(196, 196, 196, 0.5)",
    "sapUiSegmentedButtonActiveBackground": "#007cc0",
    "sapUiSegmentedButtonActiveTextColor": "#ffffff",
    "sapUiSegmentedButtonSelectedBackground": "#007cc0",
    "sapUiSegmentedButtonSelectedTextColor": "#ffffff",
    "sapUiSegmentedButtonSelectedHoverBackground": "#006ca7",
    "sapUiSegmentedButtonSelectedHoverBorderColor": "#006ca7",
    "sapUiSegmentedButtonIconColor": "#666666",
    "sapUiSegmentedButtonActiveIconColor": "#ffffff",
    "sapUiSegmentedButtonSelectedIconColor": "#ffffff",
    "sapUiSegmentedButtonFooterBorderColor": "rgba(100, 114, 123, 0.96)",
    "sapUiSegmentedButtonFooterHoverBackground": "rgba(234, 234, 234, 0.1)",
    "sapUiFieldTextColor": "#000000",
    "sapUiFieldActiveBackground": "#007cc0",
    "sapUiFieldActiveBorderColor": "#007cc0",
    "sapUiFieldActiveTextColor": "#ffffff",
    "sapUiListVerticalBorderColor": "#dddddd",
    "sapUiListActiveBackground": "#007cc0",
    "sapUiListActiveTextColor": "#ffffff",
    "sapUiListSelectionHoverBackground": "#d9ecf6",
    "sapUiListFooterBackground": "#f7f7f7",
    "sapUiListFooterTextColor": "#666666",
    "sapUiListGroupHeaderBackground": "#f7f7f7",
    "sapUiListTableGroupHeaderBackground": "#f2f2f2",
    "sapUiListTableGroupHeaderBorderColor": "#e5e5e5",
    "sapUiListTableGroupHeaderTextColor": "#333333",
    "sapUiListTableFooterBorder": "#cccccc",
    "sapUiListTableFixedBorder": "#999999",
    "sapUiListTableTextSize": "0.875rem",
    "sapUiListTableIconSize": "1rem",
    "sapUiPageFooterBorderColor": "rgba(100, 114, 123, 0.96)",
    "sapUiInfobarHoverBackground": "#396691",
    "sapUiInfobarActiveBackground": "#2f5477",
    "sapUiCalendarColorToday": "#ffc51c",
    "sapUiUx3ShellHeaderImageURL": "",
    "sapUiUx3ShellApplicationImageURL": "none",
    "sapUiActionSheetBG": "rgba(54, 62, 67, 0.96)",
    "sapUiActionSheetOnDesktopBG": "rgba(54, 62, 67, 0.96)",
    "sapUiActionSheetBorder": "#e5e5e5",
    "sapUiActionSheetButtonText": "#ffffff",
    "sapUiBarBG": "#f2f2f2",
    "sapUiBarBrandingBG": "#009de0",
    "sapUiHeaderBG": "#f2f2f2",
    "sapUiSubHeaderBG": "#fcfcfc",
    "sapUiBarText": "#666666",
    "sapUiFooterText": "#ffffff",
    "sapUiBarHeading": "#666666",
    "sapUiBusy": "#009de0",
    "sapUiBusyLight": "#ffffff",
    "sapUiBusyDlgSimpleIndicatorBG": "rgba(255, 255, 255, 0.6)",
    "sapUiBusyDlgSimpleIndicatorBorder": "rgba(255, 255, 255, 0.1)",
    "sapUiBtnText": "#333333",
    "sapUiBtnTextActive": "#ffffff",
    "sapUiBtnTextLink": "#00679e",
    "sapUiBtnTextLinkDisabled": "rgba(0, 103, 158, 0.5)",
    "sapUiBtnBaseRadius": "0.143rem",
    "sapUiBtnIcon": "#666666",
    "sapUiBtnTextShadowDefault": "none",
    "sapUiBtnBorderDefault": "#bfbfbf",
    "sapUiBtnTextTransparentDisabled": "rgba(51, 51, 51, 0.5)",
    "sapUiBtnIconHeader": "#666666",
    "sapUiBtnTextHeader": "#666666",
    "sapUiBtnTextHeaderDisabled": "#333333",
    "sapUiBtnTextShadowHeader": "rgba(255, 255, 255, 0.5)",
    "sapUiBtnTextFooterDisabled": "rgba(255, 255, 255, 0.5)",
    "sapUiBtnTextShadowFooter": "rgba(0, 0, 0, 0.5)",
    "sapUiBtnTextStandardDisabled": "rgba(51, 51, 51, 0.5)",
    "sapUiBtnBGStandard": "#f7f7f7",
    "sapUiBtnBGStandardHover": "#eaeaea",
    "sapUiBtnBGStandardDown": "#007cc0",
    "sapUiBtnBGStandardDisabled": "#fafafa",
    "sapUiBtnTextPositiveDisabled": "rgba(255, 255, 255, 0.5)",
    "sapUiBtnBGPositive": "#007833",
    "sapUiBtnBGPositiveBorder": "#005f28",
    "sapUiBtnBGPositiveHover": "#005f28",
    "sapUiBtnBGPositiveDown": "#00451d",
    "sapUiBtnBGPositiveDisabled": "rgba(0, 120, 51, 0.5)",
    "sapUiBtnTextNegativeDisabled": "rgba(255, 255, 255, 0.5)",
    "sapUiBtnBGNegative": "#cc1919",
    "sapUiBtnBGNegativeBorder": "#b51616",
    "sapUiBtnBGNegativeHover": "#b51616",
    "sapUiBtnBGNegativeDown": "#9f1313",
    "sapUiBtnBGNegativeDisabled": "rgba(204, 25, 25, 0.5)",
    "sapUiBtnTextEmphasizedDisabled": "rgba(255, 255, 255, 0.5)",
    "sapUiBtnBGEmphasized": "#009de0",
    "sapUiBtnBGEmphasizedBorder": "#008bc7",
    "sapUiBtnBGEmphasizedHover": "#008bc7",
    "sapUiBtnBGEmphasizedDown": "#0079ad",
    "sapUiBtnBGEmphasizedDisabled": "rgba(0, 157, 224, 0.5)",
    "sapUiBtnTextShadowEmphasized": "rgba(0, 0, 0, 0.5)",
    "sapUiBtnBGTransparent": "transparent",
    "sapUiBtnBGTransparentHover": "rgba(222, 222, 222, 0.5)",
    "sapUiBtnBGTransparentDown": "#007cc0",
    "sapUiBtnFooterBGStandardHover": "rgba(234, 234, 234, 0.09999999999999998)",
    "sapUiBtnActionSelectBG": "rgba(54, 62, 67, 0.96)",
    "sapUiBtnActionSelectBorderColor": "rgba(100, 114, 123, 0.96)",
    "sapUiBtnActionSelectBGTransparentHover": "rgba(68, 78, 84, 0.96)",
    "sapUiToggleBtnPressed": "#007cc0",
    "sapUiToggleBtnBorder": "#006ca7",
    "sapUiToggleBtnPressedHover": "#006ca7",
    "sapUiCheckBoxCheckedColor": "#007cc0",
    "sapUiCheckBoxUncheckedColor": "#bfbfbf",
    "sapUiCheckBoxFocusColor": "#005483",
    "sapUiDTICustomRows": "5",
    "sapUiDTICustomPhoneRows": "3",
    "sapUiDTICustomWidth": "64",
    "sapUiDTICustomHeight": "48",
    "sapUiDTICustomShowLabel": "false",
    "sapUiDTICustomHeaderText": "false",
    "sapUiDTICustomMode": "scroller",
    "sapUiDTICustomDesktopMode": "mixed",
    "sapUiDTICustomDisplay": "bubble",
    "sapUiDTICustomPhoneDisplay": "modal",
    "sapUiDTICustomFontFamily": "Arial, Helvetica, sans-serif",
    "sapUiDTICustomDialogBorder": "#999999",
    "sapUiDTICustomDialogWheelsBG": "none",
    "sapUiDTICustomDialogWheelBG": "none",
    "sapUiDTICustomArrowBG": "#ffffff",
    "sapUiDTICustomArrowColor": "#666666",
    "sapUiDTICustomArrowHoverColor": "#007cc0",
    "sapUiDTICustomItemText": "#666666",
    "sapUiDTICustomSelectedItemText": "#000000",
    "sapUiDTICustomSelectedItemBG": "#e6f2f9",
    "sapUiDTICustomButtonBG": "rgba(54, 62, 67, 0.96)",
    "sapUiDTICustomButtonOnDesktopBG": "rgba(54, 62, 67, 0.96)",
    "sapUiDTICustomButtonHoverBG": "#007cc0",
    "sapUiDTICustomButtonText": "#ffffff",
    "sapUiDTICustomHeaderTextColor": "#666666",
    "sapUiDTICustomHeaderTextShadow": "rgba(255, 255, 255, 0.5)",
    "sapUiDTICustomHeaderBG": "#f2f2f2",
    "sapUiDTICustomFooterBG": "rgba(54, 62, 67, 0.96)",
    "sapUiDTICustomFooterOnDesktopBG": "rgba(54, 62, 67, 0.96)",
    "sapUiDTICustomHeaderBoxShadow": "#dddddd",
    "sapUiITBTextOnlyBrandText": "#0079ad",
    "sapUiInputBaseBG": "#ffffff",
    "sapUiInputBaseFont": "Arial, Helvetica, sans-serif",
    "sapUiInputBaseText": "#000000",
    "sapUiInputBaseBorder": "#bfbfbf",
    "sapUiInputBaseFocus": "#007cc0",
    "sapUiInputBasePlaceholder": "#707070",
    "sapUiInputBaseWarning": "#f0ab00",
    "sapUiInputBaseWarningBG": "#fffcb5",
    "sapUiInputBaseError": "#e52929",
    "sapUiInputBaseErrorBG": "#fbdfdf",
    "sapUiInputBaseErrorFont": "#cc1919",
    "sapUiInputBaseSuccess": "#008a3b",
    "sapUiLabelText": "#666666",
    "sapUiLabelFont": "Arial, Helvetica, sans-serif",
    "sapUiListBGHeader": "#e6f2f9",
    "sapUiListBGFooter": "#f7f7f7",
    "sapUiListHeaderText": "#666666",
    "sapUiListFooterText": "#666666",
    "sapUiListSingleSelectMasterAsActive": "false",
    "sapUiListHeaderBorder": "#dddddd",
    "sapUiGroupHeaderBG": "#f7f7f7",
    "sapUiListNoDataTextColor": "#333333",
    "sapUiListTblBG": "rgba(255, 255, 255, 0.8)",
    "sapUiListTblHeaderBorder": "#dddddd",
    "sapUiListTblTextColor": "#333333",
    "sapUiListTblPopinHeaderTextColor": "#666666",
    "sapUiListTblPopinValueTextColor": "#000000",
    "sapUiListTblPopinBG": "rgba(255, 255, 255, 0.8)",
    "sapUiListTblPopinActiveBG": "#007cc0",
    "sapUiListTblPopinSelectedBG": "#e6f2f9",
    "sapUiListTblIconSize": "1rem",
    "sapUiListTblTextSize": "0.875rem",
    "sapUiLIBorder": "#e5e5e5",
    "sapUiLISelected": "#e6f2f9",
    "sapUiLIActive": "#007cc0",
    "sapUiLICounter": "#007cc0",
    "sapUiLIText": "#333333",
    "sapUiLIStandardText": "#000000",
    "sapUiLITextSec": "#666666",
    "sapUiLITextInverted": "#ffffff",
    "sapUiLITextDisabled": "#666666",
    "sapUiLIDelIcon": "true",
    "sapUiLIDelColor": "#cc1919",
    "sapUiLINavColor": "#8c8c8c",
    "sapUiLIDetailIcon": "true",
    "sapUiLIDetailColor": "#666666",
    "sapUiLIDetailBGActive": "#007cc0",
    "sapUiLIUnreadAsBubble": "false",
    "sapUiALITextColor": "#ffffff",
    "sapUiMessageToastTextColor": "#ffffff",
    "sapUiMessageToastTextShadow": "#000000",
    "sapUiPageBG": "#ffffff",
    "sapUiPanelBG": "#ffffff",
    "sapUiPopoverContBG": "#ffffff",
    "sapUiPopupBorderColor": "rgba(153, 153, 153, 0.6)",
    "sapUiPopupBorder": "1px rgba(153, 153, 153, 0.6) solid",
    "sapUiPopupBoxShadow": "0px 0px 30px 2px rgba(0, 0, 0, 0.15)",
    "sapUiBlockLayerColor": "#000000",
    "sapUiPopupButtonSeparator": "1px #000000 solid",
    "sapUiPopupBorderRadius": "2px",
    "sapUiPullToRefreshText": "#666666",
    "sapUiPullToRefreshArrow": "#007cc0",
    "sapUiPullToRefreshBG": "#f2f2f2",
    "sapUiRadioButtonSelectedColor": "#007cc0",
    "sapUiRadioButtonBorderColor": "#bfbfbf",
    "sapMUiScrollBarBG": "rgba(0, 0, 0, 0.5)",
    "sapMUiScrollBarBorderColor": "#ffffff",
    "sapUiSegmentedBtnBG": "#ffffff",
    "sapUiSegmentedBtnBGSelected": "#007cc0",
    "sapUiSegmentedBtnBGSelectedHover": "#006ca7",
    "sapUiSegmentedBtnBGHover": "rgba(196, 196, 196, 0.5)",
    "sapUiSegmentedBtnBGActive": "#007cc0",
    "sapUiSegmentedBtnBorder": "#dedede",
    "sapUiSegmentedBtnIconDark": "#666666",
    "sapUiSegmentedBtnIconLight": "#ffffff",
    "sapUiSegmentedBtnText": "#00679e",
    "sapUiSegmentedBtnTextActive": "#ffffff",
    "sapUiSegmentedBtnTextFooter": "#ffffff",
    "sapUiSegmentedBtnFooterHover": "rgba(234, 234, 234, 0.1)",
    "sapUiSegmentedBtnBorderFooter": "rgba(100, 114, 123, 0.96)",
    "sapUiSelectBG": "#ffffff",
    "sapUiSelectBorderColor": "#bfbfbf",
    "sapUiSelectBorderColorPressed": "#007cc0",
    "sapUiSelectLabelTextColor": "#000000",
    "sapUiSelectBGActive": "#007cc0",
    "sapUiSelectLabelTextColorPressed": "#ffffff",
    "sapUiSelectArrowColor": "#666666",
    "sapUiSelectArrowColorActive": "#ffffff",
    "sapUiSelectArrowBGHover": "#f0f0f0",
    "sapUiSelectArrowBGActive": "#007cc0",
    "sapUiSelectIconColor": "#666666",
    "sapUiSelectIconColorActive": "#ffffff",
    "sapUiSelectIconBGHover": "#eaeaea",
    "sapUiSelectIconBGPressed": "#007cc0",
    "sapUiSelectIconBorderColor": "#bfbfbf",
    "sapUiSelectFooterBGHover": "rgba(234, 234, 234, 0.09999999999999998)",
    "sapUiSelectListActiveBG": "#e6f2f9",
    "sapUiSelectListLightestBGHover": "#f0f0f0",
    "sapUiSelectListLITextInverted": "#ffffff",
    "sapUiSelectListHighlight": "#007cc0",
    "sapUiSelectListMediumBorder": "#cccccc",
    "sapUiSelectListBorder": "#bfbfbf",
    "sapUiSelectListLightestBG": "#ffffff",
    "sapMShellContentBGOpacity": "30",
    "sapMShellContentBG": "rgba(255, 255, 255, 0.3)",
    "sapUiSliderBG": "#dddddd",
    "sapUiSliderProgressBG": "#007cc0",
    "sapUiSliderHandleBorder": "#999999",
    "sapUiSliderHandleBG": "rgba(153, 153, 153, 0.3)",
    "sapUiSliderHandleBGHover": "rgba(153, 153, 153, 0.6)",
    "sapUiSliderHandleBorderPressed": "#007cc0",
    "sapUiSliderHandleBGPressed": "rgba(0, 124, 192, 0.3)",
    "sapUiSplitContainerMasterBG": "#ffffff",
    "sapUiSplitContainerMasterShadow": "1px 0 10px rgba(0, 0, 0, 0.15)",
    "sapUiSplitContainerMasterBorder": "1px solid rgba(0, 0, 0, 0.15)",
    "sapUiSplitContainerMasterFooterSeperator": "rgba(100, 114, 123, 0.96)",
    "sapUiSLIIconColor": "#666666",
    "sapUiSLIIconColorActive": "#ffffff",
    "sapUiInfoTop": "false",
    "sapUiSwitchOnBG": "#007cc0",
    "sapUiSwitchOnHoverBG": "#006ca7",
    "sapUiSwitchOffBG": "#ffffff",
    "sapUiSwitchHandleOnBG": "#ffffff",
    "sapUiSwitchHandleOffBG": "#999999",
    "sapUiSwitchOnBorder": "#007cc0",
    "sapUiSwitchOffBorder": "#999999",
    "sapUiSwitchBorderColorHover": "#007cc0",
    "sapUiSwitchTextOn": "#ffffff",
    "sapUiSwitchTextOff": "#666666",
    "sapUiSwitchAcceptRejectBG": "#ffffff",
    "sapUiRIIconPadding": "0.25rem",
    "sapUiRIIconColor": "#f0ab00",
    "sapUiToolbarBG": "rgba(229, 229, 229, 0)",
    "sapUiToolbarSolidBG": "#f7f7f7",
    "sapUiToolbarBorder": "#cccccc",
    "sapUiToolbarInfoBG": "#457aae",
    "sapUiToolbarInfoHoverBG": "#2b68a3",
    "sapUiToolbarInfoActiveBG": "#125698",
    "sapUiToolbarInfoBorder": "#e5e5e5",
    "sapUiToolbarSeparatorBG": "#bfbfbf",
    "sapUiToolbarSeparatorFooterBG": "rgba(100, 114, 123, 0.96)",
    "sapUiFeedInputBG": "#ffffff",
    "sapMeOverlapCalendarType00": "#e5e5e5",
    "sapMeOverlapCalendarType01": "#d9ebf6",
    "sapMeOverlapCalendarType01Action": "#cce8d8",
    "sapMeOverlapCalendarType04": "#d9ebf6",
    "sapMeOverlapCalendarType06": "#fae2a6",
    "sapMeOverlapCalendarType07": "#fceaea",
    "sapMeOverlapCalendarIndicator": "#f27020",
    "sapMeCalendarLegendIconCollapse": "collapse",
    "sapMeCalendarLegendIconExpand": "expand",
    "sapMeTabIconInfo": "hint",
    "sapMeTabColorInfo": "#f27020",
    "sapMeTabIconNotes": "notes",
    "sapMeTabColorNotes": "#ab218e",
    "sapMeTabIconAttachments": "attachment",
    "sapMeTabColorAttachments": "#007cc0",
    "sapMeTabIconPeople": "group",
    "sapMeTabColorPeople": "#004990"
}